zeit,temp_wasser,temp_wuerfel
0.6,61.44,28.75
1.2,61.38,28.5
1.8,61.38,28.5
2.4,61.38,29.0
3.0,61.38,28.25
3.6,61.38,29.0
4.2,61.38,28.5
4.8,61.38,28.25
5.4,61.38,28.5
6.0,61.38,28.5
6.6,61.38,28.5
7.2,61.38,28.75
7.8,61.38,28.75
8.4,61.38,28.75
9.0,61.25,28.75
9.6,61.19,28.75
10.2,61.13,28.75
10.8,61.0,28.75
11.4,60.94,28.75
12.0,60.94,29.0
12.6,60.88,29.0
13.2,60.81,29.0
13.8,60.75,29.0
14.4,60.75,28.75
15.0,60.69,29.25
15.6,60.69,29.25
16.2,60.63,29.75
16.8,60.63,29.25
17.5,60.56,29.5
18.0,60.56,29.5
18.6,60.56,30.0
19.3,60.5,30.75
19.8,60.5,30.5
20.5,60.5,30.5
21.1,60.5,30.75
21.7,60.5,30.75
22.3,60.5,31.25
22.9,60.5,31.5
23.5,60.5,31.25
24.1,60.44,31.5
24.7,60.44,32.0
25.3,60.44,32.25
25.9,60.44,33.0
26.5,60.44,33.0
27.1,60.38,33.0
27.7,60.38,34.0
28.3,60.38,34.0
28.9,60.31,34.5
29.5,60.25,34.25
30.1,60.25,34.75
30.7,60.25,35.5
31.3,60.19,35.25
31.9,60.19,35.25
32.5,60.19,35.75
33.1,60.19,36.0
33.7,60.13,36.5
34.3,60.13,37.0
34.9,60.13,37.0
35.5,60.06,37.5
36.1,60.06,37.75
36.7,60.06,38.0
37.3,60.0,38.25
37.9,60.0,38.5
38.5,60.0,38.75
39.1,60.0,38.75
39.7,59.94,39.5
40.3,59.94,39.5
40.9,59.88,40.0
41.5,59.88,40.5
42.1,59.81,40.75
42.7,59.81,40.25
43.3,59.75,40.25
43.9,59.75,41.25
44.5,59.69,41.5
45.1,59.69,41.75
45.7,59.69,41.75
46.3,59.63,41.75
47.0,59.63,42.5
47.5,59.63,42.25
48.2,59.56,43.0
48.7,59.56,43.0
49.4,59.5,43.25
50.0,59.56,43.5
50.6,59.5,44.0
51.2,59.5,43.5
51.8,59.44,44.75
52.4,59.38,44.5
53.0,59.31,44.5
53.6,59.31,45.0
54.2,59.31,45.0
54.8,59.25,45.5
55.4,59.25,45.25
56.0,59.25,45.5
56.6,59.19,45.75
57.2,59.13,46.0
57.8,59.13,46.5
58.4,59.13,46.25
59.0,59.06,47.0
59.6,59.06,47.0
60.2,59.06,47.0
60.8,59.0,47.5
61.4,59.0,47.5
62.0,58.94,47.75
62.6,58.88,48.0
63.2,58.88,47.75
63.8,58.88,48.0
64.4,58.88,48.5
65.0,58.88,48.5
65.6,58.81,48.75
66.2,58.81,48.5
66.8,58.75,49.25
67.4,58.75,49.0
68.0,58.75,49.5
68.6,58.69,49.75
69.2,58.69,49.0
69.8,58.69,49.75
70.4,58.63,50.0
71.0,58.63,50.0
71.6,58.56,50.0
72.2,58.56,50.0
72.8,58.56,50.25
73.4,58.5,50.5
74.0,58.5,50.75
74.6,58.5,50.75
75.2,58.44,50.5
75.8,58.44,51.0
76.4,58.44,51.0
77.0,58.38,51.25
77.6,58.38,51.25
78.2,58.38,51.0
78.8,58.31,51.0
79.4,58.31,51.25
80.0,58.31,51.5
80.6,58.25,51.75
81.2,58.25,51.75
81.8,58.19,51.75
82.4,58.19,52.0
83.0,58.19,52.0
83.6,58.13,52.0
84.2,58.13,52.5
84.8,58.13,52.75
85.5,58.13,52.5
86.0,58.06,52.75
86.7,58.06,52.5
87.2,58.06,52.25
87.9,58.06,53.0
88.5,58.0,53.0
89.1,58.06,53.25
89.7,58.0,53.25
90.3,58.0,53.5
90.9,58.0,53.5
91.5,57.94,53.5
92.1,57.94,53.5
92.7,57.94,53.75
93.3,57.94,53.0
93.9,57.94,53.75
94.5,57.88,54.0
95.1,57.88,53.25
95.7,57.88,54.0
96.3,57.81,54.0
96.9,57.81,54.0
97.5,57.81,54.0
98.1,57.81,54.25
98.7,57.81,54.0
99.3,57.75,54.25
99.9,57.75,54.0
100.5,57.75,54.5
101.1,57.69,54.5
101.7,57.69,54.75
102.3,57.69,54.75
102.9,57.63,54.75
103.5,57.69,54.5
104.1,57.69,54.25
104.7,57.63,54.75
105.3,57.63,54.75
105.9,57.63,54.75
106.5,57.56,55.0
107.1,57.63,55.0
107.7,57.56,55.25
108.3,57.56,55.0
108.9,57.56,55.0
109.5,57.56,55.0
110.1,57.56,55.25
110.7,57.56,55.25
111.3,57.5,55.0
111.9,57.5,55.0
112.5,57.5,55.5
113.1,57.5,55.5
113.7,57.5,55.75
114.3,57.44,55.75
114.9,57.44,55.75
115.5,57.44,55.25
116.1,57.44,55.75
116.7,57.44,55.75
117.3,57.38,56.0
117.9,57.44,55.75
118.5,57.38,55.25
119.1,57.38,55.75
119.7,57.38,56.0
120.3,57.38,56.0
120.9,57.38,55.75
121.5,57.38,56.0
122.1,57.38,56.0
122.7,57.31,56.0
123.3,57.31,56.0
123.9,57.31,56.5
124.5,57.31,56.25
125.1,57.31,56.0
125.7,57.31,55.75
126.3,57.31,56.25
126.9,57.25,56.0
127.5,57.31,56.25
128.1,57.25,56.25
128.7,57.25,56.25
129.3,57.25,56.0
129.9,57.25,56.25
130.5,57.25,56.5
131.1,57.25,56.75
131.7,57.25,56.25
132.3,57.25,56.5
132.9,57.25,56.5
133.5,57.19,56.75
134.1,57.19,56.5
134.7,57.19,56.5
135.3,57.19,56.5
136.0,57.19,56.75
136.5,57.19,56.25
137.1,57.13,56.75
137.7,57.19,56.25
138.3,57.19,56.75
139.0,57.19,56.75
139.5,57.13,56.75
140.1,57.13,56.75
140.7,57.13,56.5
141.3,57.13,56.5
142.0,57.13,57.0
142.6,57.13,56.5
143.1,57.13,57.0
143.7,57.13,57.25
144.3,57.13,56.5
145.0,57.06,56.5
145.5,57.06,57.0
146.2,57.13,56.75
146.7,57.13,56.5
147.4,57.13,57.0
148.0,57.13,56.75
148.6,57.06,57.0
149.2,57.06,56.75
149.8,57.06,56.75
150.4,57.06,57.0
151.0,57.06,57.0
151.6,57.06,57.0
152.2,57.06,57.0
152.8,57.06,56.75
153.4,57.06,57.5
154.0,57.06,57.0
154.6,57.0,56.75
155.2,57.06,56.75
155.8,57.0,57.0
156.4,57.0,57.0
157.0,57.0,57.0
157.6,57.0,56.75
158.2,57.0,56.75
158.8,57.0,57.25
159.4,57.0,57.0
160.0,57.0,57.25
